INSERT INTO bankmanage_Loan (Loan_ID,fk_bank_id,money) values ('JGYML76166950341445526353','合肥分行','403097.00');
INSERT INTO bankmanage_clientloan (fk_loan_id,fk_client_id) VALUES ('JGYML76166950341445526353','320581199403053096');
INSERT INTO bankmanage_Loan (Loan_ID,fk_bank_id,money) values ('FDSIC38371537104726267786','合肥分行','809253.00');
INSERT INTO bankmanage_clientloan (fk_loan_id,fk_client_id) VALUES ('FDSIC38371537104726267786','500221198511138245');
INSERT INTO bankmanage_payment (fk_loan_id,pay_date,pay_money) values ('FDSIC38371537104726267786','2012-03-15','40462.65');
INSERT INTO bankmanage_payment (fk_loan_id,pay_date,pay_money) values ('FDSIC38371537104726267786','2018-07-09','40462.65');
INSERT INTO bankmanage_payment (fk_loan_id,pay_date,pay_money) values ('FDSIC38371537104726267786','2015-08-16','40462.65');
INSERT INTO bankmanage_payment (fk_loan_id,pay_date,pay_money) values ('FDSIC38371537104726267786','2013-04-19','40462.65');
INSERT INTO bankmanage_payment (fk_loan_id,pay_date,pay_money) values ('FDSIC38371537104726267786','2020-01-15','40462.65');
INSERT INTO bankmanage_payment (fk_loan_id,pay_date,pay_money) values ('FDSIC38371537104726267786','2013-09-12','40462.65');
INSERT INTO bankmanage_payment (fk_loan_id,pay_date,pay_money) values ('FDSIC38371537104726267786','2016-08-19','40462.65');
INSERT INTO bankmanage_payment (fk_loan_id,pay_date,pay_money) values ('FDSIC38371537104726267786','2012-02-16','40462.65');
INSERT INTO bankmanage_payment (fk_loan_id,pay_date,pay_money) values ('FDSIC38371537104726267786','2018-01-29','40462.65');
INSERT INTO bankmanage_payment (fk_loan_id,pay_date,pay_money) values ('FDSIC38371537104726267786','2015-01-26','40462.65');
INSERT INTO bankmanage_Loan (Loan_ID,fk_bank_id,money) values ('VWJOY77761097012227765937','合肥分行','547589.00');
INSERT INTO bankmanage_clientloan (fk_loan_id,fk_client_id) VALUES ('VWJOY77761097012227765937','321203198511145781');
INSERT INTO bankmanage_payment (fk_loan_id,pay_date,pay_money) values ('VWJOY77761097012227765937','2016-12-23','54758.90');
INSERT INTO bankmanage_payment (fk_loan_id,pay_date,pay_money) values ('VWJOY77761097012227765937','2018-01-18','54758.90');
INSERT INTO bankmanage_payment (fk_loan_id,pay_date,pay_money) values ('VWJOY77761097012227765937','2020-08-29','54758.90');
INSERT INTO bankmanage_payment (fk_loan_id,pay_date,pay_money) values ('VWJOY77761097012227765937','2014-07-10','54758.90');
INSERT INTO bankmanage_payment (fk_loan_id,pay_date,pay_money) values ('VWJOY77761097012227765937','2015-09-22','54758.90');
INSERT INTO bankmanage_payment (fk_loan_id,pay_date,pay_money) values ('VWJOY77761097012227765937','2020-02-28','54758.90');
INSERT INTO bankmanage_payment (fk_loan_id,pay_date,pay_money) values ('VWJOY77761097012227765937','2011-02-07','54758.90');
INSERT INTO bankmanage_payment (fk_loan_id,pay_date,pay_money) values ('VWJOY77761097012227765937','2012-08-06','54758.90');
INSERT INTO bankmanage_payment (fk_loan_id,pay_date,pay_money) values ('VWJOY77761097012227765937','2014-12-10','54758.90');
INSERT INTO bankmanage_payment (fk_loan_id,pay_date,pay_money) values ('VWJOY77761097012227765937','2021-08-13','54758.90');
INSERT INTO bankmanage_Loan (Loan_ID,fk_bank_id,money) values ('EUTRV41948359569906584515','合肥分行','549248.00');
INSERT INTO bankmanage_clientloan (fk_loan_id,fk_client_id) VALUES ('EUTRV41948359569906584515','142632198804204643');
INSERT INTO bankmanage_payment (fk_loan_id,pay_date,pay_money) values ('EUTRV41948359569906584515','2016-01-08','54924.80');
INSERT INTO bankmanage_payment (fk_loan_id,pay_date,pay_money) values ('EUTRV41948359569906584515','2021-04-24','54924.80');
INSERT INTO bankmanage_payment (fk_loan_id,pay_date,pay_money) values ('EUTRV41948359569906584515','2010-12-18','54924.80');
INSERT INTO bankmanage_payment (fk_loan_id,pay_date,pay_money) values ('EUTRV41948359569906584515','2017-06-05','54924.80');
INSERT INTO bankmanage_payment (fk_loan_id,pay_date,pay_money) values ('EUTRV41948359569906584515','2020-06-10','54924.80');
INSERT INTO bankmanage_payment (fk_loan_id,pay_date,pay_money) values ('EUTRV41948359569906584515','2011-09-21','54924.80');
INSERT INTO bankmanage_payment (fk_loan_id,pay_date,pay_money) values ('EUTRV41948359569906584515','2014-02-15','54924.80');
INSERT INTO bankmanage_payment (fk_loan_id,pay_date,pay_money) values ('EUTRV41948359569906584515','2010-10-20','54924.80');
INSERT INTO bankmanage_payment (fk_loan_id,pay_date,pay_money) values ('EUTRV41948359569906584515','2021-02-15','54924.80');
INSERT INTO bankmanage_payment (fk_loan_id,pay_date,pay_money) values ('EUTRV41948359569906584515','2011-09-29','54924.80');
INSERT INTO bankmanage_Loan (Loan_ID,fk_bank_id,money) values ('IIJDA46961779479654740364','合肥分行','186971.00');
INSERT INTO bankmanage_clientloan (fk_loan_id,fk_client_id) VALUES ('IIJDA46961779479654740364','130800196803094232');
INSERT INTO bankmanage_payment (fk_loan_id,pay_date,pay_money) values ('IIJDA46961779479654740364','2017-02-14','18697.10');
INSERT INTO bankmanage_payment (fk_loan_id,pay_date,pay_money) values ('IIJDA46961779479654740364','2018-07-01','18697.10');
INSERT INTO bankmanage_payment (fk_loan_id,pay_date,pay_money) values ('IIJDA46961779479654740364','2015-07-01','18697.10');
INSERT INTO bankmanage_payment (fk_loan_id,pay_date,pay_money) values ('IIJDA46961779479654740364','2016-04-07','18697.10');
INSERT INTO bankmanage_payment (fk_loan_id,pay_date,pay_money) values ('IIJDA46961779479654740364','2021-02-07','18697.10');
INSERT INTO bankmanage_payment (fk_loan_id,pay_date,pay_money) values ('IIJDA46961779479654740364','2015-01-13','18697.10');
INSERT INTO bankmanage_payment (fk_loan_id,pay_date,pay_money) values ('IIJDA46961779479654740364','2020-11-10','18697.10');
INSERT INTO bankmanage_payment (fk_loan_id,pay_date,pay_money) values ('IIJDA46961779479654740364','2011-09-13','18697.10');
INSERT INTO bankmanage_payment (fk_loan_id,pay_date,pay_money) values ('IIJDA46961779479654740364','2010-03-12','18697.10');
INSERT INTO bankmanage_payment (fk_loan_id,pay_date,pay_money) values ('IIJDA46961779479654740364','2012-07-31','18697.10');
INSERT INTO bankmanage_Loan (Loan_ID,fk_bank_id,money) values ('XHLFS20201361631756107238','合肥分行','813431.00');
INSERT INTO bankmanage_clientloan (fk_loan_id,fk_client_id) VALUES ('XHLFS20201361631756107238','610700196312038438');
INSERT INTO bankmanage_payment (fk_loan_id,pay_date,pay_money) values ('XHLFS20201361631756107238','2010-03-03','81343.10');
INSERT INTO bankmanage_payment (fk_loan_id,pay_date,pay_money) values ('XHLFS20201361631756107238','2012-02-02','81343.10');
INSERT INTO bankmanage_payment (fk_loan_id,pay_date,pay_money) values ('XHLFS20201361631756107238','2021-09-25','81343.10');
INSERT INTO bankmanage_payment (fk_loan_id,pay_date,pay_money) values ('XHLFS20201361631756107238','2010-05-09','81343.10');
INSERT INTO bankmanage_payment (fk_loan_id,pay_date,pay_money) values ('XHLFS20201361631756107238','2010-11-23','81343.10');
INSERT INTO bankmanage_payment (fk_loan_id,pay_date,pay_money) values ('XHLFS20201361631756107238','2018-12-09','81343.10');
INSERT INTO bankmanage_payment (fk_loan_id,pay_date,pay_money) values ('XHLFS20201361631756107238','2018-12-04','81343.10');
INSERT INTO bankmanage_payment (fk_loan_id,pay_date,pay_money) values ('XHLFS20201361631756107238','2018-05-28','81343.10');
INSERT INTO bankmanage_payment (fk_loan_id,pay_date,pay_money) values ('XHLFS20201361631756107238','2015-08-12','81343.10');
INSERT INTO bankmanage_payment (fk_loan_id,pay_date,pay_money) values ('XHLFS20201361631756107238','2017-09-13','81343.10');
INSERT INTO bankmanage_Loan (Loan_ID,fk_bank_id,money) values ('SPWGB23281592035181882343','合肥分行','881447.00');
INSERT INTO bankmanage_clientloan (fk_loan_id,fk_client_id) VALUES ('SPWGB23281592035181882343','362233196004069558');
INSERT INTO bankmanage_payment (fk_loan_id,pay_date,pay_money) values ('SPWGB23281592035181882343','2015-10-13','88144.70');
INSERT INTO bankmanage_payment (fk_loan_id,pay_date,pay_money) values ('SPWGB23281592035181882343','2019-03-14','88144.70');
INSERT INTO bankmanage_payment (fk_loan_id,pay_date,pay_money) values ('SPWGB23281592035181882343','2015-03-09','88144.70');
INSERT INTO bankmanage_payment (fk_loan_id,pay_date,pay_money) values ('SPWGB23281592035181882343','2018-09-23','88144.70');
INSERT INTO bankmanage_payment (fk_loan_id,pay_date,pay_money) values ('SPWGB23281592035181882343','2011-08-27','88144.70');
INSERT INTO bankmanage_payment (fk_loan_id,pay_date,pay_money) values ('SPWGB23281592035181882343','2011-06-05','88144.70');
INSERT INTO bankmanage_payment (fk_loan_id,pay_date,pay_money) values ('SPWGB23281592035181882343','2016-02-15','88144.70');
INSERT INTO bankmanage_payment (fk_loan_id,pay_date,pay_money) values ('SPWGB23281592035181882343','2012-11-21','88144.70');
INSERT INTO bankmanage_payment (fk_loan_id,pay_date,pay_money) values ('SPWGB23281592035181882343','2016-06-26','88144.70');
INSERT INTO bankmanage_payment (fk_loan_id,pay_date,pay_money) values ('SPWGB23281592035181882343','2019-08-04','88144.70');
INSERT INTO bankmanage_Loan (Loan_ID,fk_bank_id,money) values ('QAHEO04622979714924000881','合肥分行','90194.00');
INSERT INTO bankmanage_clientloan (fk_loan_id,fk_client_id) VALUES ('QAHEO04622979714924000881','320901198309036973');
INSERT INTO bankmanage_payment (fk_loan_id,pay_date,pay_money) values ('QAHEO04622979714924000881','2018-12-26','9019.40');
INSERT INTO bankmanage_payment (fk_loan_id,pay_date,pay_money) values ('QAHEO04622979714924000881','2014-02-12','9019.40');
INSERT INTO bankmanage_payment (fk_loan_id,pay_date,pay_money) values ('QAHEO04622979714924000881','2012-10-04','9019.40');
INSERT INTO bankmanage_payment (fk_loan_id,pay_date,pay_money) values ('QAHEO04622979714924000881','2010-07-01','9019.40');
INSERT INTO bankmanage_payment (fk_loan_id,pay_date,pay_money) values ('QAHEO04622979714924000881','2012-09-06','9019.40');
INSERT INTO bankmanage_payment (fk_loan_id,pay_date,pay_money) values ('QAHEO04622979714924000881','2020-04-22','9019.40');
INSERT INTO bankmanage_payment (fk_loan_id,pay_date,pay_money) values ('QAHEO04622979714924000881','2021-07-24','9019.40');
INSERT INTO bankmanage_payment (fk_loan_id,pay_date,pay_money) values ('QAHEO04622979714924000881','2013-01-01','9019.40');
INSERT INTO bankmanage_payment (fk_loan_id,pay_date,pay_money) values ('QAHEO04622979714924000881','2018-11-22','9019.40');
INSERT INTO bankmanage_payment (fk_loan_id,pay_date,pay_money) values ('QAHEO04622979714924000881','2016-02-12','9019.40');
INSERT INTO bankmanage_Loan (Loan_ID,fk_bank_id,money) values ('RJWXM68670615479992691612','合肥分行','395588.00');
INSERT INTO bankmanage_clientloan (fk_loan_id,fk_client_id) VALUES ('RJWXM68670615479992691612','210727197611196153');
INSERT INTO bankmanage_payment (fk_loan_id,pay_date,pay_money) values ('RJWXM68670615479992691612','2021-05-11','19779.40');
INSERT INTO bankmanage_payment (fk_loan_id,pay_date,pay_money) values ('RJWXM68670615479992691612','2019-05-01','19779.40');
INSERT INTO bankmanage_payment (fk_loan_id,pay_date,pay_money) values ('RJWXM68670615479992691612','2017-04-29','19779.40');
INSERT INTO bankmanage_payment (fk_loan_id,pay_date,pay_money) values ('RJWXM68670615479992691612','2015-09-02','19779.40');
INSERT INTO bankmanage_payment (fk_loan_id,pay_date,pay_money) values ('RJWXM68670615479992691612','2016-12-11','19779.40');
INSERT INTO bankmanage_payment (fk_loan_id,pay_date,pay_money) values ('RJWXM68670615479992691612','2014-07-03','19779.40');
INSERT INTO bankmanage_payment (fk_loan_id,pay_date,pay_money) values ('RJWXM68670615479992691612','2016-04-15','19779.40');
INSERT INTO bankmanage_payment (fk_loan_id,pay_date,pay_money) values ('RJWXM68670615479992691612','2013-05-28','19779.40');
INSERT INTO bankmanage_payment (fk_loan_id,pay_date,pay_money) values ('RJWXM68670615479992691612','2018-03-03','19779.40');
INSERT INTO bankmanage_payment (fk_loan_id,pay_date,pay_money) values ('RJWXM68670615479992691612','2011-11-13','19779.40');
INSERT INTO bankmanage_Loan (Loan_ID,fk_bank_id,money) values ('MDWXM85633011797146136419','合肥分行','139253.00');
INSERT INTO bankmanage_clientloan (fk_loan_id,fk_client_id) VALUES ('MDWXM85633011797146136419','542332197510072992');
INSERT INTO bankmanage_Loan (Loan_ID,fk_bank_id,money) values ('MGMHO96809026919330095530','上海分行','866308.00');
INSERT INTO bankmanage_clientloan (fk_loan_id,fk_client_id) VALUES ('MGMHO96809026919330095530','352225198006012800');
INSERT INTO bankmanage_Loan (Loan_ID,fk_bank_id,money) values ('CLFNO38857782777504720010','上海分行','844591.00');
INSERT INTO bankmanage_clientloan (fk_loan_id,fk_client_id) VALUES ('CLFNO38857782777504720010','34020419800605137X');
INSERT INTO bankmanage_payment (fk_loan_id,pay_date,pay_money) values ('CLFNO38857782777504720010','2014-10-01','84459.10');
INSERT INTO bankmanage_payment (fk_loan_id,pay_date,pay_money) values ('CLFNO38857782777504720010','2011-10-30','84459.10');
INSERT INTO bankmanage_payment (fk_loan_id,pay_date,pay_money) values ('CLFNO38857782777504720010','2012-12-09','84459.10');
INSERT INTO bankmanage_payment (fk_loan_id,pay_date,pay_money) values ('CLFNO38857782777504720010','2011-10-11','84459.10');
INSERT INTO bankmanage_payment (fk_loan_id,pay_date,pay_money) values ('CLFNO38857782777504720010','2011-12-31','84459.10');
INSERT INTO bankmanage_payment (fk_loan_id,pay_date,pay_money) values ('CLFNO38857782777504720010','2017-09-29','84459.10');
INSERT INTO bankmanage_payment (fk_loan_id,pay_date,pay_money) values ('CLFNO38857782777504720010','2021-11-12','84459.10');
INSERT INTO bankmanage_payment (fk_loan_id,pay_date,pay_money) values ('CLFNO38857782777504720010','2010-06-03','84459.10');
INSERT INTO bankmanage_payment (fk_loan_id,pay_date,pay_money) values ('CLFNO38857782777504720010','2015-12-31','84459.10');
INSERT INTO bankmanage_payment (fk_loan_id,pay_date,pay_money) values ('CLFNO38857782777504720010','2016-02-14','84459.10');
INSERT INTO bankmanage_Loan (Loan_ID,fk_bank_id,money) values ('ANWYI55413324126820096827','上海分行','186368.00');
INSERT INTO bankmanage_clientloan (fk_loan_id,fk_client_id) VALUES ('ANWYI55413324126820096827','370300199611066297');
INSERT INTO bankmanage_Loan (Loan_ID,fk_bank_id,money) values ('MOFYK62420762101814744948','上海分行','640286.00');
INSERT INTO bankmanage_clientloan (fk_loan_id,fk_client_id) VALUES ('MOFYK62420762101814744948','15282519700106221X');
INSERT INTO bankmanage_Loan (Loan_ID,fk_bank_id,money) values ('XKJJG69728796169245223411','上海分行','264091.00');
INSERT INTO bankmanage_clientloan (fk_loan_id,fk_client_id) VALUES ('XKJJG69728796169245223411','430725197501259828');
INSERT INTO bankmanage_payment (fk_loan_id,pay_date,pay_money) values ('XKJJG69728796169245223411','2010-04-15','26409.10');
INSERT INTO bankmanage_payment (fk_loan_id,pay_date,pay_money) values ('XKJJG69728796169245223411','2010-07-27','26409.10');
INSERT INTO bankmanage_payment (fk_loan_id,pay_date,pay_money) values ('XKJJG69728796169245223411','2015-12-04','26409.10');
INSERT INTO bankmanage_payment (fk_loan_id,pay_date,pay_money) values ('XKJJG69728796169245223411','2016-10-20','26409.10');
INSERT INTO bankmanage_payment (fk_loan_id,pay_date,pay_money) values ('XKJJG69728796169245223411','2019-10-21','26409.10');
INSERT INTO bankmanage_payment (fk_loan_id,pay_date,pay_money) values ('XKJJG69728796169245223411','2010-09-08','26409.10');
INSERT INTO bankmanage_payment (fk_loan_id,pay_date,pay_money) values ('XKJJG69728796169245223411','2020-07-14','26409.10');
INSERT INTO bankmanage_payment (fk_loan_id,pay_date,pay_money) values ('XKJJG69728796169245223411','2014-05-08','26409.10');
INSERT INTO bankmanage_payment (fk_loan_id,pay_date,pay_money) values ('XKJJG69728796169245223411','2016-01-02','26409.10');
INSERT INTO bankmanage_payment (fk_loan_id,pay_date,pay_money) values ('XKJJG69728796169245223411','2011-11-18','26409.10');
INSERT INTO bankmanage_Loan (Loan_ID,fk_bank_id,money) values ('WIKZG12558906177940203692','上海分行','166654.00');
INSERT INTO bankmanage_clientloan (fk_loan_id,fk_client_id) VALUES ('WIKZG12558906177940203692','422800196405047554');
INSERT INTO bankmanage_payment (fk_loan_id,pay_date,pay_money) values ('WIKZG12558906177940203692','2017-03-10','8332.70');
INSERT INTO bankmanage_payment (fk_loan_id,pay_date,pay_money) values ('WIKZG12558906177940203692','2017-04-17','8332.70');
INSERT INTO bankmanage_payment (fk_loan_id,pay_date,pay_money) values ('WIKZG12558906177940203692','2014-07-02','8332.70');
INSERT INTO bankmanage_payment (fk_loan_id,pay_date,pay_money) values ('WIKZG12558906177940203692','2016-09-29','8332.70');
INSERT INTO bankmanage_payment (fk_loan_id,pay_date,pay_money) values ('WIKZG12558906177940203692','2017-06-07','8332.70');
INSERT INTO bankmanage_payment (fk_loan_id,pay_date,pay_money) values ('WIKZG12558906177940203692','2020-10-06','8332.70');
INSERT INTO bankmanage_payment (fk_loan_id,pay_date,pay_money) values ('WIKZG12558906177940203692','2014-07-20','8332.70');
INSERT INTO bankmanage_payment (fk_loan_id,pay_date,pay_money) values ('WIKZG12558906177940203692','2013-12-10','8332.70');
INSERT INTO bankmanage_payment (fk_loan_id,pay_date,pay_money) values ('WIKZG12558906177940203692','2021-11-04','8332.70');
INSERT INTO bankmanage_payment (fk_loan_id,pay_date,pay_money) values ('WIKZG12558906177940203692','2017-01-28','8332.70');
INSERT INTO bankmanage_Loan (Loan_ID,fk_bank_id,money) values ('FDYOH44030414258668457274','上海分行','77030.00');
INSERT INTO bankmanage_clientloan (fk_loan_id,fk_client_id) VALUES ('FDYOH44030414258668457274','362502198005124898');
INSERT INTO bankmanage_payment (fk_loan_id,pay_date,pay_money) values ('FDYOH44030414258668457274','2012-09-18','7703.00');
INSERT INTO bankmanage_payment (fk_loan_id,pay_date,pay_money) values ('FDYOH44030414258668457274','2015-12-20','7703.00');
INSERT INTO bankmanage_payment (fk_loan_id,pay_date,pay_money) values ('FDYOH44030414258668457274','2015-12-18','7703.00');
INSERT INTO bankmanage_payment (fk_loan_id,pay_date,pay_money) values ('FDYOH44030414258668457274','2019-08-24','7703.00');
INSERT INTO bankmanage_payment (fk_loan_id,pay_date,pay_money) values ('FDYOH44030414258668457274','2019-08-14','7703.00');
INSERT INTO bankmanage_payment (fk_loan_id,pay_date,pay_money) values ('FDYOH44030414258668457274','2013-09-10','7703.00');
INSERT INTO bankmanage_payment (fk_loan_id,pay_date,pay_money) values ('FDYOH44030414258668457274','2012-01-07','7703.00');
INSERT INTO bankmanage_payment (fk_loan_id,pay_date,pay_money) values ('FDYOH44030414258668457274','2018-09-19','7703.00');
INSERT INTO bankmanage_payment (fk_loan_id,pay_date,pay_money) values ('FDYOH44030414258668457274','2018-01-28','7703.00');
INSERT INTO bankmanage_payment (fk_loan_id,pay_date,pay_money) values ('FDYOH44030414258668457274','2017-12-08','7703.00');
INSERT INTO bankmanage_Loan (Loan_ID,fk_bank_id,money) values ('TQEYG73585470644403026586','上海分行','312095.00');
INSERT INTO bankmanage_clientloan (fk_loan_id,fk_client_id) VALUES ('TQEYG73585470644403026586','230600198102048390');
INSERT INTO bankmanage_payment (fk_loan_id,pay_date,pay_money) values ('TQEYG73585470644403026586','2017-03-15','15604.75');
INSERT INTO bankmanage_payment (fk_loan_id,pay_date,pay_money) values ('TQEYG73585470644403026586','2010-07-12','15604.75');
INSERT INTO bankmanage_payment (fk_loan_id,pay_date,pay_money) values ('TQEYG73585470644403026586','2016-05-31','15604.75');
INSERT INTO bankmanage_payment (fk_loan_id,pay_date,pay_money) values ('TQEYG73585470644403026586','2018-12-03','15604.75');
INSERT INTO bankmanage_payment (fk_loan_id,pay_date,pay_money) values ('TQEYG73585470644403026586','2011-09-07','15604.75');
INSERT INTO bankmanage_payment (fk_loan_id,pay_date,pay_money) values ('TQEYG73585470644403026586','2015-11-26','15604.75');
INSERT INTO bankmanage_payment (fk_loan_id,pay_date,pay_money) values ('TQEYG73585470644403026586','2017-07-21','15604.75');
INSERT INTO bankmanage_payment (fk_loan_id,pay_date,pay_money) values ('TQEYG73585470644403026586','2015-12-08','15604.75');
INSERT INTO bankmanage_payment (fk_loan_id,pay_date,pay_money) values ('TQEYG73585470644403026586','2010-12-29','15604.75');
INSERT INTO bankmanage_payment (fk_loan_id,pay_date,pay_money) values ('TQEYG73585470644403026586','2021-05-21','15604.75');
INSERT INTO bankmanage_Loan (Loan_ID,fk_bank_id,money) values ('DZUXC72012369581028457862','上海分行','361377.00');
INSERT INTO bankmanage_clientloan (fk_loan_id,fk_client_id) VALUES ('DZUXC72012369581028457862','152631196410292130');
INSERT INTO bankmanage_payment (fk_loan_id,pay_date,pay_money) values ('DZUXC72012369581028457862','2019-01-26','18068.85');
INSERT INTO bankmanage_payment (fk_loan_id,pay_date,pay_money) values ('DZUXC72012369581028457862','2010-09-29','18068.85');
INSERT INTO bankmanage_payment (fk_loan_id,pay_date,pay_money) values ('DZUXC72012369581028457862','2017-01-22','18068.85');
INSERT INTO bankmanage_payment (fk_loan_id,pay_date,pay_money) values ('DZUXC72012369581028457862','2011-08-31','18068.85');
INSERT INTO bankmanage_payment (fk_loan_id,pay_date,pay_money) values ('DZUXC72012369581028457862','2014-03-29','18068.85');
INSERT INTO bankmanage_payment (fk_loan_id,pay_date,pay_money) values ('DZUXC72012369581028457862','2015-10-09','18068.85');
INSERT INTO bankmanage_payment (fk_loan_id,pay_date,pay_money) values ('DZUXC72012369581028457862','2017-10-28','18068.85');
INSERT INTO bankmanage_payment (fk_loan_id,pay_date,pay_money) values ('DZUXC72012369581028457862','2017-03-08','18068.85');
INSERT INTO bankmanage_payment (fk_loan_id,pay_date,pay_money) values ('DZUXC72012369581028457862','2010-02-11','18068.85');
INSERT INTO bankmanage_payment (fk_loan_id,pay_date,pay_money) values ('DZUXC72012369581028457862','2016-06-24','18068.85');
INSERT INTO bankmanage_Loan (Loan_ID,fk_bank_id,money) values ('GZDJG18551114899228718743','上海分行','853013.00');
INSERT INTO bankmanage_clientloan (fk_loan_id,fk_client_id) VALUES ('GZDJG18551114899228718743','230184199212158368');
INSERT INTO bankmanage_Loan (Loan_ID,fk_bank_id,money) values ('NHQUS87795802179149390289','北京分行','881031.00');
INSERT INTO bankmanage_clientloan (fk_loan_id,fk_client_id) VALUES ('NHQUS87795802179149390289','342423197608048060');
INSERT INTO bankmanage_payment (fk_loan_id,pay_date,pay_money) values ('NHQUS87795802179149390289','2021-03-18','88103.10');
INSERT INTO bankmanage_payment (fk_loan_id,pay_date,pay_money) values ('NHQUS87795802179149390289','2012-03-01','88103.10');
INSERT INTO bankmanage_payment (fk_loan_id,pay_date,pay_money) values ('NHQUS87795802179149390289','2011-08-19','88103.10');
INSERT INTO bankmanage_payment (fk_loan_id,pay_date,pay_money) values ('NHQUS87795802179149390289','2014-06-14','88103.10');
INSERT INTO bankmanage_payment (fk_loan_id,pay_date,pay_money) values ('NHQUS87795802179149390289','2012-03-26','88103.10');
INSERT INTO bankmanage_payment (fk_loan_id,pay_date,pay_money) values ('NHQUS87795802179149390289','2010-03-08','88103.10');
INSERT INTO bankmanage_payment (fk_loan_id,pay_date,pay_money) values ('NHQUS87795802179149390289','2018-06-17','88103.10');
INSERT INTO bankmanage_payment (fk_loan_id,pay_date,pay_money) values ('NHQUS87795802179149390289','2020-11-07','88103.10');
INSERT INTO bankmanage_payment (fk_loan_id,pay_date,pay_money) values ('NHQUS87795802179149390289','2012-08-04','88103.10');
INSERT INTO bankmanage_payment (fk_loan_id,pay_date,pay_money) values ('NHQUS87795802179149390289','2019-05-30','88103.10');
INSERT INTO bankmanage_Loan (Loan_ID,fk_bank_id,money) values ('HLIHV97098296097811614727','北京分行','468814.00');
INSERT INTO bankmanage_clientloan (fk_loan_id,fk_client_id) VALUES ('HLIHV97098296097811614727','440222199609079882');
INSERT INTO bankmanage_payment (fk_loan_id,pay_date,pay_money) values ('HLIHV97098296097811614727','2012-05-20','46881.40');
INSERT INTO bankmanage_payment (fk_loan_id,pay_date,pay_money) values ('HLIHV97098296097811614727','2014-05-06','46881.40');
INSERT INTO bankmanage_payment (fk_loan_id,pay_date,pay_money) values ('HLIHV97098296097811614727','2018-04-12','46881.40');
INSERT INTO bankmanage_payment (fk_loan_id,pay_date,pay_money) values ('HLIHV97098296097811614727','2012-10-31','46881.40');
INSERT INTO bankmanage_payment (fk_loan_id,pay_date,pay_money) values ('HLIHV97098296097811614727','2010-05-27','46881.40');
INSERT INTO bankmanage_payment (fk_loan_id,pay_date,pay_money) values ('HLIHV97098296097811614727','2018-10-23','46881.40');
INSERT INTO bankmanage_payment (fk_loan_id,pay_date,pay_money) values ('HLIHV97098296097811614727','2019-07-20','46881.40');
INSERT INTO bankmanage_payment (fk_loan_id,pay_date,pay_money) values ('HLIHV97098296097811614727','2014-03-13','46881.40');
INSERT INTO bankmanage_payment (fk_loan_id,pay_date,pay_money) values ('HLIHV97098296097811614727','2015-06-18','46881.40');
INSERT INTO bankmanage_payment (fk_loan_id,pay_date,pay_money) values ('HLIHV97098296097811614727','2012-07-14','46881.40');
INSERT INTO bankmanage_Loan (Loan_ID,fk_bank_id,money) values ('SUOJB32573095024474367072','北京分行','97151.00');
INSERT INTO bankmanage_clientloan (fk_loan_id,fk_client_id) VALUES ('SUOJB32573095024474367072','622923199809204086');
INSERT INTO bankmanage_Loan (Loan_ID,fk_bank_id,money) values ('VSRQW67988873982360346779','北京分行','218179.00');
INSERT INTO bankmanage_clientloan (fk_loan_id,fk_client_id) VALUES ('VSRQW67988873982360346779','330203196709129623');
INSERT INTO bankmanage_Loan (Loan_ID,fk_bank_id,money) values ('WBFUS72476718798721863146','北京分行','258632.00');
INSERT INTO bankmanage_clientloan (fk_loan_id,fk_client_id) VALUES ('WBFUS72476718798721863146','510503199910034283');
INSERT INTO bankmanage_Loan (Loan_ID,fk_bank_id,money) values ('MVBEJ46516100526384415752','北京分行','657235.00');
INSERT INTO bankmanage_clientloan (fk_loan_id,fk_client_id) VALUES ('MVBEJ46516100526384415752','130629199712301668');
INSERT INTO bankmanage_Loan (Loan_ID,fk_bank_id,money) values ('FGGEG32245505653463504006','北京分行','795112.00');
INSERT INTO bankmanage_clientloan (fk_loan_id,fk_client_id) VALUES ('FGGEG32245505653463504006','131127196002225717');
INSERT INTO bankmanage_payment (fk_loan_id,pay_date,pay_money) values ('FGGEG32245505653463504006','2020-06-07','39755.60');
INSERT INTO bankmanage_payment (fk_loan_id,pay_date,pay_money) values ('FGGEG32245505653463504006','2015-11-22','39755.60');
INSERT INTO bankmanage_payment (fk_loan_id,pay_date,pay_money) values ('FGGEG32245505653463504006','2016-11-28','39755.60');
INSERT INTO bankmanage_payment (fk_loan_id,pay_date,pay_money) values ('FGGEG32245505653463504006','2014-03-16','39755.60');
INSERT INTO bankmanage_payment (fk_loan_id,pay_date,pay_money) values ('FGGEG32245505653463504006','2015-10-24','39755.60');
INSERT INTO bankmanage_payment (fk_loan_id,pay_date,pay_money) values ('FGGEG32245505653463504006','2015-03-25','39755.60');
INSERT INTO bankmanage_payment (fk_loan_id,pay_date,pay_money) values ('FGGEG32245505653463504006','2014-07-08','39755.60');
INSERT INTO bankmanage_payment (fk_loan_id,pay_date,pay_money) values ('FGGEG32245505653463504006','2015-09-17','39755.60');
INSERT INTO bankmanage_payment (fk_loan_id,pay_date,pay_money) values ('FGGEG32245505653463504006','2016-02-22','39755.60');
INSERT INTO bankmanage_payment (fk_loan_id,pay_date,pay_money) values ('FGGEG32245505653463504006','2011-05-26','39755.60');
INSERT INTO bankmanage_Loan (Loan_ID,fk_bank_id,money) values ('JKKZJ74523998224797894101','北京分行','428225.00');
INSERT INTO bankmanage_clientloan (fk_loan_id,fk_client_id) VALUES ('JKKZJ74523998224797894101','431121198309041666');
INSERT INTO bankmanage_payment (fk_loan_id,pay_date,pay_money) values ('JKKZJ74523998224797894101','2016-08-10','42822.50');
INSERT INTO bankmanage_payment (fk_loan_id,pay_date,pay_money) values ('JKKZJ74523998224797894101','2020-04-03','42822.50');
INSERT INTO bankmanage_payment (fk_loan_id,pay_date,pay_money) values ('JKKZJ74523998224797894101','2018-03-11','42822.50');
INSERT INTO bankmanage_payment (fk_loan_id,pay_date,pay_money) values ('JKKZJ74523998224797894101','2019-03-20','42822.50');
INSERT INTO bankmanage_payment (fk_loan_id,pay_date,pay_money) values ('JKKZJ74523998224797894101','2019-10-25','42822.50');
INSERT INTO bankmanage_payment (fk_loan_id,pay_date,pay_money) values ('JKKZJ74523998224797894101','2018-08-02','42822.50');
INSERT INTO bankmanage_payment (fk_loan_id,pay_date,pay_money) values ('JKKZJ74523998224797894101','2018-11-29','42822.50');
INSERT INTO bankmanage_payment (fk_loan_id,pay_date,pay_money) values ('JKKZJ74523998224797894101','2016-01-07','42822.50');
INSERT INTO bankmanage_payment (fk_loan_id,pay_date,pay_money) values ('JKKZJ74523998224797894101','2017-09-28','42822.50');
INSERT INTO bankmanage_payment (fk_loan_id,pay_date,pay_money) values ('JKKZJ74523998224797894101','2018-11-18','42822.50');
INSERT INTO bankmanage_Loan (Loan_ID,fk_bank_id,money) values ('VXLEH34572923917600066092','北京分行','753112.00');
INSERT INTO bankmanage_clientloan (fk_loan_id,fk_client_id) VALUES ('VXLEH34572923917600066092','440221198812258455');
INSERT INTO bankmanage_payment (fk_loan_id,pay_date,pay_money) values ('VXLEH34572923917600066092','2010-05-18','37655.60');
INSERT INTO bankmanage_payment (fk_loan_id,pay_date,pay_money) values ('VXLEH34572923917600066092','2018-02-24','37655.60');
INSERT INTO bankmanage_payment (fk_loan_id,pay_date,pay_money) values ('VXLEH34572923917600066092','2017-06-28','37655.60');
INSERT INTO bankmanage_payment (fk_loan_id,pay_date,pay_money) values ('VXLEH34572923917600066092','2020-10-25','37655.60');
INSERT INTO bankmanage_payment (fk_loan_id,pay_date,pay_money) values ('VXLEH34572923917600066092','2019-02-20','37655.60');
INSERT INTO bankmanage_payment (fk_loan_id,pay_date,pay_money) values ('VXLEH34572923917600066092','2010-09-11','37655.60');
INSERT INTO bankmanage_payment (fk_loan_id,pay_date,pay_money) values ('VXLEH34572923917600066092','2020-05-09','37655.60');
INSERT INTO bankmanage_payment (fk_loan_id,pay_date,pay_money) values ('VXLEH34572923917600066092','2010-01-30','37655.60');
INSERT INTO bankmanage_payment (fk_loan_id,pay_date,pay_money) values ('VXLEH34572923917600066092','2013-08-05','37655.60');
INSERT INTO bankmanage_payment (fk_loan_id,pay_date,pay_money) values ('VXLEH34572923917600066092','2018-06-29','37655.60');
INSERT INTO bankmanage_Loan (Loan_ID,fk_bank_id,money) values ('QPGOD41360152844388654657','北京分行','240974.00');
INSERT INTO bankmanage_clientloan (fk_loan_id,fk_client_id) VALUES ('QPGOD41360152844388654657','511681200010058344');
INSERT INTO bankmanage_payment (fk_loan_id,pay_date,pay_money) values ('QPGOD41360152844388654657','2016-07-22','12048.70');
INSERT INTO bankmanage_payment (fk_loan_id,pay_date,pay_money) values ('QPGOD41360152844388654657','2013-05-25','12048.70');
INSERT INTO bankmanage_payment (fk_loan_id,pay_date,pay_money) values ('QPGOD41360152844388654657','2021-09-04','12048.70');
INSERT INTO bankmanage_payment (fk_loan_id,pay_date,pay_money) values ('QPGOD41360152844388654657','2011-01-09','12048.70');
INSERT INTO bankmanage_payment (fk_loan_id,pay_date,pay_money) values ('QPGOD41360152844388654657','2013-05-26','12048.70');
INSERT INTO bankmanage_payment (fk_loan_id,pay_date,pay_money) values ('QPGOD41360152844388654657','2018-09-30','12048.70');
INSERT INTO bankmanage_payment (fk_loan_id,pay_date,pay_money) values ('QPGOD41360152844388654657','2020-11-27','12048.70');
INSERT INTO bankmanage_payment (fk_loan_id,pay_date,pay_money) values ('QPGOD41360152844388654657','2013-03-12','12048.70');
INSERT INTO bankmanage_payment (fk_loan_id,pay_date,pay_money) values ('QPGOD41360152844388654657','2010-08-17','12048.70');
INSERT INTO bankmanage_payment (fk_loan_id,pay_date,pay_money) values ('QPGOD41360152844388654657','2020-01-24','12048.70');
INSERT INTO bankmanage_Loan (Loan_ID,fk_bank_id,money) values ('EDRAG50777702937738041462','冈比亚分行','813576.00');
INSERT INTO bankmanage_clientloan (fk_loan_id,fk_client_id) VALUES ('EDRAG50777702937738041462','320583199907064189');
INSERT INTO bankmanage_Loan (Loan_ID,fk_bank_id,money) values ('UZSTI82134518933525366653','冈比亚分行','122642.00');
INSERT INTO bankmanage_clientloan (fk_loan_id,fk_client_id) VALUES ('UZSTI82134518933525366653','610328198609288036');
INSERT INTO bankmanage_Loan (Loan_ID,fk_bank_id,money) values ('MDFUR94132647557998938722','冈比亚分行','688353.00');
INSERT INTO bankmanage_clientloan (fk_loan_id,fk_client_id) VALUES ('MDFUR94132647557998938722','542137199905242570');
INSERT INTO bankmanage_Loan (Loan_ID,fk_bank_id,money) values ('TMZYP12396450702877731753','冈比亚分行','852601.00');
INSERT INTO bankmanage_clientloan (fk_loan_id,fk_client_id) VALUES ('TMZYP12396450702877731753','131082196512135251');
INSERT INTO bankmanage_payment (fk_loan_id,pay_date,pay_money) values ('TMZYP12396450702877731753','2018-01-21','42630.05');
INSERT INTO bankmanage_payment (fk_loan_id,pay_date,pay_money) values ('TMZYP12396450702877731753','2015-02-06','42630.05');
INSERT INTO bankmanage_payment (fk_loan_id,pay_date,pay_money) values ('TMZYP12396450702877731753','2017-02-22','42630.05');
INSERT INTO bankmanage_payment (fk_loan_id,pay_date,pay_money) values ('TMZYP12396450702877731753','2012-12-06','42630.05');
INSERT INTO bankmanage_payment (fk_loan_id,pay_date,pay_money) values ('TMZYP12396450702877731753','2019-10-20','42630.05');
INSERT INTO bankmanage_payment (fk_loan_id,pay_date,pay_money) values ('TMZYP12396450702877731753','2014-01-30','42630.05');
INSERT INTO bankmanage_payment (fk_loan_id,pay_date,pay_money) values ('TMZYP12396450702877731753','2015-06-04','42630.05');
INSERT INTO bankmanage_payment (fk_loan_id,pay_date,pay_money) values ('TMZYP12396450702877731753','2016-10-25','42630.05');
INSERT INTO bankmanage_payment (fk_loan_id,pay_date,pay_money) values ('TMZYP12396450702877731753','2014-05-16','42630.05');
INSERT INTO bankmanage_payment (fk_loan_id,pay_date,pay_money) values ('TMZYP12396450702877731753','2010-04-28','42630.05');
INSERT INTO bankmanage_Loan (Loan_ID,fk_bank_id,money) values ('KDPSR05224185732165001626','冈比亚分行','308432.00');
INSERT INTO bankmanage_clientloan (fk_loan_id,fk_client_id) VALUES ('KDPSR05224185732165001626','510100196507267365');
INSERT INTO bankmanage_payment (fk_loan_id,pay_date,pay_money) values ('KDPSR05224185732165001626','2016-09-25','30843.20');
INSERT INTO bankmanage_payment (fk_loan_id,pay_date,pay_money) values ('KDPSR05224185732165001626','2012-09-12','30843.20');
INSERT INTO bankmanage_payment (fk_loan_id,pay_date,pay_money) values ('KDPSR05224185732165001626','2020-11-07','30843.20');
INSERT INTO bankmanage_payment (fk_loan_id,pay_date,pay_money) values ('KDPSR05224185732165001626','2019-09-04','30843.20');
INSERT INTO bankmanage_payment (fk_loan_id,pay_date,pay_money) values ('KDPSR05224185732165001626','2019-06-10','30843.20');
INSERT INTO bankmanage_payment (fk_loan_id,pay_date,pay_money) values ('KDPSR05224185732165001626','2018-08-08','30843.20');
INSERT INTO bankmanage_payment (fk_loan_id,pay_date,pay_money) values ('KDPSR05224185732165001626','2011-02-24','30843.20');
INSERT INTO bankmanage_payment (fk_loan_id,pay_date,pay_money) values ('KDPSR05224185732165001626','2010-10-07','30843.20');
INSERT INTO bankmanage_payment (fk_loan_id,pay_date,pay_money) values ('KDPSR05224185732165001626','2016-01-05','30843.20');
INSERT INTO bankmanage_payment (fk_loan_id,pay_date,pay_money) values ('KDPSR05224185732165001626','2017-02-07','30843.20');
INSERT INTO bankmanage_Loan (Loan_ID,fk_bank_id,money) values ('XYZDI34190473428793828802','冈比亚分行','553684.00');
INSERT INTO bankmanage_clientloan (fk_loan_id,fk_client_id) VALUES ('XYZDI34190473428793828802','130227198901279069');
INSERT INTO bankmanage_payment (fk_loan_id,pay_date,pay_money) values ('XYZDI34190473428793828802','2019-07-02','27684.20');
INSERT INTO bankmanage_payment (fk_loan_id,pay_date,pay_money) values ('XYZDI34190473428793828802','2011-12-29','27684.20');
INSERT INTO bankmanage_payment (fk_loan_id,pay_date,pay_money) values ('XYZDI34190473428793828802','2013-07-18','27684.20');
INSERT INTO bankmanage_payment (fk_loan_id,pay_date,pay_money) values ('XYZDI34190473428793828802','2021-04-14','27684.20');
INSERT INTO bankmanage_payment (fk_loan_id,pay_date,pay_money) values ('XYZDI34190473428793828802','2020-10-05','27684.20');
INSERT INTO bankmanage_payment (fk_loan_id,pay_date,pay_money) values ('XYZDI34190473428793828802','2012-08-14','27684.20');
INSERT INTO bankmanage_payment (fk_loan_id,pay_date,pay_money) values ('XYZDI34190473428793828802','2018-09-24','27684.20');
INSERT INTO bankmanage_payment (fk_loan_id,pay_date,pay_money) values ('XYZDI34190473428793828802','2014-04-01','27684.20');
INSERT INTO bankmanage_payment (fk_loan_id,pay_date,pay_money) values ('XYZDI34190473428793828802','2015-05-11','27684.20');
INSERT INTO bankmanage_payment (fk_loan_id,pay_date,pay_money) values ('XYZDI34190473428793828802','2014-08-02','27684.20');
INSERT INTO bankmanage_Loan (Loan_ID,fk_bank_id,money) values ('VAZOR71924825819148746377','冈比亚分行','355414.00');
INSERT INTO bankmanage_clientloan (fk_loan_id,fk_client_id) VALUES ('VAZOR71924825819148746377','612722197401116359');
INSERT INTO bankmanage_payment (fk_loan_id,pay_date,pay_money) values ('VAZOR71924825819148746377','2010-02-04','35541.40');
INSERT INTO bankmanage_payment (fk_loan_id,pay_date,pay_money) values ('VAZOR71924825819148746377','2018-11-13','35541.40');
INSERT INTO bankmanage_payment (fk_loan_id,pay_date,pay_money) values ('VAZOR71924825819148746377','2011-05-09','35541.40');
INSERT INTO bankmanage_payment (fk_loan_id,pay_date,pay_money) values ('VAZOR71924825819148746377','2020-08-05','35541.40');
INSERT INTO bankmanage_payment (fk_loan_id,pay_date,pay_money) values ('VAZOR71924825819148746377','2010-02-19','35541.40');
INSERT INTO bankmanage_payment (fk_loan_id,pay_date,pay_money) values ('VAZOR71924825819148746377','2010-11-19','35541.40');
INSERT INTO bankmanage_payment (fk_loan_id,pay_date,pay_money) values ('VAZOR71924825819148746377','2010-06-20','35541.40');
INSERT INTO bankmanage_payment (fk_loan_id,pay_date,pay_money) values ('VAZOR71924825819148746377','2021-08-21','35541.40');
INSERT INTO bankmanage_payment (fk_loan_id,pay_date,pay_money) values ('VAZOR71924825819148746377','2017-08-17','35541.40');
INSERT INTO bankmanage_payment (fk_loan_id,pay_date,pay_money) values ('VAZOR71924825819148746377','2013-01-09','35541.40');
INSERT INTO bankmanage_Loan (Loan_ID,fk_bank_id,money) values ('ZXAOV69847713419816895741','冈比亚分行','496835.00');
INSERT INTO bankmanage_clientloan (fk_loan_id,fk_client_id) VALUES ('ZXAOV69847713419816895741','420000198203078700');
INSERT INTO bankmanage_payment (fk_loan_id,pay_date,pay_money) values ('ZXAOV69847713419816895741','2012-01-10','24841.75');
INSERT INTO bankmanage_payment (fk_loan_id,pay_date,pay_money) values ('ZXAOV69847713419816895741','2020-06-08','24841.75');
INSERT INTO bankmanage_payment (fk_loan_id,pay_date,pay_money) values ('ZXAOV69847713419816895741','2019-07-30','24841.75');
INSERT INTO bankmanage_payment (fk_loan_id,pay_date,pay_money) values ('ZXAOV69847713419816895741','2019-10-08','24841.75');
INSERT INTO bankmanage_payment (fk_loan_id,pay_date,pay_money) values ('ZXAOV69847713419816895741','2018-11-12','24841.75');
INSERT INTO bankmanage_payment (fk_loan_id,pay_date,pay_money) values ('ZXAOV69847713419816895741','2013-01-16','24841.75');
INSERT INTO bankmanage_payment (fk_loan_id,pay_date,pay_money) values ('ZXAOV69847713419816895741','2011-11-03','24841.75');
INSERT INTO bankmanage_payment (fk_loan_id,pay_date,pay_money) values ('ZXAOV69847713419816895741','2010-09-07','24841.75');
INSERT INTO bankmanage_payment (fk_loan_id,pay_date,pay_money) values ('ZXAOV69847713419816895741','2017-09-24','24841.75');
INSERT INTO bankmanage_payment (fk_loan_id,pay_date,pay_money) values ('ZXAOV69847713419816895741','2014-11-07','24841.75');
INSERT INTO bankmanage_Loan (Loan_ID,fk_bank_id,money) values ('PQNXF58225713462765833366','冈比亚分行','278371.00');
INSERT INTO bankmanage_clientloan (fk_loan_id,fk_client_id) VALUES ('PQNXF58225713462765833366','52011119680910380X');
INSERT INTO bankmanage_payment (fk_loan_id,pay_date,pay_money) values ('PQNXF58225713462765833366','2015-04-26','27837.10');
INSERT INTO bankmanage_payment (fk_loan_id,pay_date,pay_money) values ('PQNXF58225713462765833366','2021-12-11','27837.10');
INSERT INTO bankmanage_payment (fk_loan_id,pay_date,pay_money) values ('PQNXF58225713462765833366','2021-11-08','27837.10');
INSERT INTO bankmanage_payment (fk_loan_id,pay_date,pay_money) values ('PQNXF58225713462765833366','2014-04-23','27837.10');
INSERT INTO bankmanage_payment (fk_loan_id,pay_date,pay_money) values ('PQNXF58225713462765833366','2016-10-02','27837.10');
INSERT INTO bankmanage_payment (fk_loan_id,pay_date,pay_money) values ('PQNXF58225713462765833366','2011-08-25','27837.10');
INSERT INTO bankmanage_payment (fk_loan_id,pay_date,pay_money) values ('PQNXF58225713462765833366','2010-07-26','27837.10');
INSERT INTO bankmanage_payment (fk_loan_id,pay_date,pay_money) values ('PQNXF58225713462765833366','2010-09-14','27837.10');
INSERT INTO bankmanage_payment (fk_loan_id,pay_date,pay_money) values ('PQNXF58225713462765833366','2015-07-01','27837.10');
INSERT INTO bankmanage_payment (fk_loan_id,pay_date,pay_money) values ('PQNXF58225713462765833366','2012-01-20','27837.10');
INSERT INTO bankmanage_Loan (Loan_ID,fk_bank_id,money) values ('FMZBO32477592044946897878','冈比亚分行','683119.00');
INSERT INTO bankmanage_clientloan (fk_loan_id,fk_client_id) VALUES ('FMZBO32477592044946897878','320282199103179447');
